,Kierunek wiatru,Możliwość opadów śniegu,Opad atmosferyczny,Podmuchy wiatru,Pogoda,Prędkość wiatru,Siła wiatru,Temperatura,Widoczność,Wilgotność,Zachmurzenie,Time
0,NW,0%,0 mm,34.2Km/h,Częściowe zachmurzenie,20.9Km/h,305°,"2,2°  C",10 Km,75%,19%,2020-01-01 00:00:00
1,WNW,0%,0 mm,32.5Km/h,Częściowe zachmurzenie,19.9Km/h,303°,"1,9°  C",10 Km,77%,17%,2020-01-01 01:00:00
2,WNW,0%,0 mm,30.8Km/h,Częściowe zachmurzenie,19Km/h,302°,"1,7°  C",10 Km,78%,15%,2020-01-01 02:00:00
3,WNW,0%,0 mm,29.2Km/h,Częściowe zachmurzenie,18Km/h,300°,"1,4°  C",10 Km,79%,12%,2020-01-01 03:00:00
4,WNW,0%,0 mm,27.4Km/h,Częściowe zachmurzenie,16.8Km/h,297°,"1,1°  C",10 Km,81%,11%,2020-01-01 04:00:00
5,WNW,0%,0 mm,25.6Km/h,Częściowe zachmurzenie,15.6Km/h,294°,"0,8°  C",10 Km,82%,10%,2020-01-01 05:00:00
6,WNW,0%,0 mm,23.8Km/h,Częściowe zachmurzenie,14.4Km/h,291°,"0,5°  C",10 Km,84%,9%,2020-01-01 06:00:00
7,WNW,0%,0 mm,22.9Km/h,Częściowe zachmurzenie,14.4Km/h,286°,"0,6°  C",10 Km,84%,14%,2020-01-01 07:00:00
8,W,0%,0 mm,22.1Km/h,Częściowe zachmurzenie,14.4Km/h,280°,"0,6°  C",10 Km,84%,18%,2020-01-01 08:00:00
9,W,0%,0 mm,21.2Km/h,Częściowe zachmurzenie,14.4Km/h,275°,"0,7°  C",10 Km,84%,22%,2020-01-01 09:00:00
10,W,0%,0 mm,21.8Km/h,Częściowe zachmurzenie,15.2Km/h,275°,"0,9°  C",10 Km,84%,40%,2020-01-01 10:00:00
11,W,0%,0 mm,22.4Km/h,Częściowe zachmurzenie,16.1Km/h,275°,"1,2°  C",10 Km,83%,58%,2020-01-01 11:00:00
12,W,0%,0 mm,23Km/h,Częściowe zachmurzenie,16.9Km/h,275°,"1,4°  C",10 Km,83%,76%,2020-01-01 12:00:00
13,W,0%,0 mm,23.4Km/h,Częściowe zachmurzenie,17.2Km/h,276°,"1,4°  C",10 Km,84%,84%,2020-01-01 13:00:00
14,W,0%,0 mm,23.8Km/h,Pochmurno,17.4Km/h,277°,"1,4°  C",10 Km,84%,92%,2020-01-01 14:00:00
15,W,0%,0 mm,24.1Km/h,Pochmurno,17.6Km/h,278°,"1,4°  C",10 Km,85%,100%,2020-01-01 15:00:00
16,W,0%,0 mm,24.1Km/h,Pochmurno,17.4Km/h,277°,"0,5°  C",10 Km,84%,97%,2020-01-01 16:00:00
17,W,0%,0 mm,24.1Km/h,Pochmurno,17.2Km/h,275°,(-0.5)°  C,10 Km,84%,95%,2020-01-01 17:00:00
18,W,0%,0 mm,24.1Km/h,Pochmurno,16.9Km/h,274°,(-1.4)°  C,10 Km,84%,92%,2020-01-01 18:00:00
19,W,0%,0 mm,24.6Km/h,Pochmurno,17.2Km/h,272°,(-3.2)°  C,10 Km,85%,93%,2020-01-01 19:00:00
20,W,0%,0 mm,25.1Km/h,Pochmurno,17.4Km/h,269°,(-4.9)°  C,10 Km,85%,94%,2020-01-01 20:00:00
21,W,0%,0 mm,25.6Km/h,Pochmurno,17.6Km/h,267°,(-6.7)°  C,10 Km,86%,95%,2020-01-01 21:00:00
22,W,0%,0 mm,24.8Km/h,Pochmurno,17Km/h,268°,(-4.9)°  C,10 Km,86%,82%,2020-01-01 22:00:00
23,W,0%,0 mm,24.1Km/h,Zachmurzenie,16.4Km/h,270°,(-3)°  C,10 Km,86%,69%,2020-01-01 23:00:00
24,E,0%,0 mm,5.4Km/h,Częściowe zachmurzenie,3.6Km/h,80°,"2,3°  C",10 Km,88%,3%,2021-01-01 00:00:00
25,ENE,0%,0 mm,6.1Km/h,Częściowe zachmurzenie,4Km/h,78°,"2,1°  C",10 Km,89%,4%,2021-01-01 01:00:00
26,ENE,0%,0 mm,6.8Km/h,Częściowe zachmurzenie,4.3Km/h,76°,"1,8°  C",10 Km,89%,4%,2021-01-01 02:00:00
27,ENE,0%,0 mm,7.6Km/h,Częściowe zachmurzenie,4.7Km/h,74°,"1,6°  C",10 Km,89%,5%,2021-01-01 03:00:00
28,ENE,0%,0 mm,7.7Km/h,Częściowe zachmurzenie,4.8Km/h,76°,"1,5°  C",10 Km,89%,5%,2021-01-01 04:00:00
29,ENE,0%,0 mm,7.8Km/h,Częściowe zachmurzenie,4.9Km/h,78°,"1,3°  C",10 Km,89%,5%,2021-01-01 05:00:00
30,E,0%,0 mm,7.9Km/h,Częściowe zachmurzenie,5Km/h,81°,"1,2°  C",10 Km,89%,6%,2021-01-01 06:00:00
31,E,0%,0 mm,6.6Km/h,Częściowe zachmurzenie,4.3Km/h,82°,"1,5°  C",10 Km,86%,5%,2021-01-01 07:00:00
32,E,0%,0 mm,5.3Km/h,Częściowe zachmurzenie,3.6Km/h,84°,"1,8°  C",10 Km,84%,5%,2021-01-01 08:00:00
33,E,0%,0 mm,4Km/h,Częściowe zachmurzenie,2.9Km/h,86°,"2,1°  C",10 Km,82%,4%,2021-01-01 09:00:00
34,ENE,0%,0 mm,3.2Km/h,Częściowe zachmurzenie,2.4Km/h,67°,"2,6°  C",10 Km,80%,4%,2021-01-01 10:00:00
35,NE,0%,0 mm,2.5Km/h,Częściowe zachmurzenie,1.9Km/h,49°,3°  C,10 Km,77%,3%,2021-01-01 11:00:00
36,NNE,0%,0 mm,1.8Km/h,Częściowe zachmurzenie,1.4Km/h,30°,"3,5°  C",10 Km,75%,3%,2021-01-01 12:00:00
37,NE,0%,0 mm,2.5Km/h,Częściowe zachmurzenie,1.8Km/h,48°,"3,2°  C",10 Km,76%,3%,2021-01-01 13:00:00
38,ENE,0%,0 mm,3.2Km/h,Częściowe zachmurzenie,2.2Km/h,66°,3°  C,10 Km,78%,4%,2021-01-01 14:00:00
39,E,0%,0 mm,4Km/h,Częściowe zachmurzenie,2.5Km/h,85°,"2,7°  C",10 Km,79%,5%,2021-01-01 15:00:00
40,ESE,0%,0 mm,5.8Km/h,Częściowe zachmurzenie,3.5Km/h,103°,"2,3°  C",10 Km,80%,10%,2021-01-01 16:00:00
41,ESE,0%,0 mm,7.6Km/h,Częściowe zachmurzenie,4.4Km/h,121°,"1,8°  C",10 Km,81%,15%,2021-01-01 17:00:00
42,SE,0%,0 mm,9.4Km/h,Częściowe zachmurzenie,5.4Km/h,139°,"1,4°  C",10 Km,83%,20%,2021-01-01 18:00:00
43,SSE,0%,0 mm,10.9Km/h,Częściowe zachmurzenie,6.2Km/h,146°,"1,2°  C",10 Km,83%,21%,2021-01-01 19:00:00
44,SSE,0%,0 mm,12.5Km/h,Częściowe zachmurzenie,7.1Km/h,154°,1°  C,10 Km,83%,22%,2021-01-01 20:00:00
45,SSE,0%,0 mm,14Km/h,Częściowe zachmurzenie,7.9Km/h,162°,"0,8°  C",10 Km,83%,23%,2021-01-01 21:00:00
46,SSE,0%,0 mm,14.8Km/h,Częściowe zachmurzenie,8.2Km/h,167°,"0,5°  C",10 Km,85%,38%,2021-01-01 22:00:00
47,S,0%,0 mm,15.5Km/h,Pochmurno,8.4Km/h,173°,"0,1°  C",10 Km,87%,52%,2021-01-01 23:00:00
48,WSW,0%,"0,1 mm",45.7Km/h,Lekka mżawka,27.4Km/h,257°,"9,1°  C",2 Km,89%,100%,2022-01-01 00:00:00
49,W,0%,"0,0 mm",44.5Km/h,Lekka mżawka,26.9Km/h,259°,"9,1°  C",4.7 Km,89%,100%,2022-01-01 01:00:00
50,W,0%,0 mm,43.3Km/h,Pochmurno,26.4Km/h,262°,"9,2°  C",7.3 Km,89%,100%,2022-01-01 02:00:00
51,W,0%,0 mm,42.1Km/h,Pochmurno,25.9Km/h,264°,"9,2°  C",10 Km,89%,100%,2022-01-01 03:00:00
52,W,0%,0 mm,42Km/h,Pochmurno,26Km/h,267°,"9,2°  C",10 Km,89%,100%,2022-01-01 04:00:00
53,W,0%,"0,0 mm",41.9Km/h,Możliwe przelotne deszcze,26.2Km/h,269°,"9,3°  C",10 Km,89%,100%,2022-01-01 05:00:00
54,W,0%,"0,0 mm",41.8Km/h,Możliwe przelotne deszcze,26.3Km/h,271°,"9,3°  C",10 Km,89%,100%,2022-01-01 06:00:00
55,W,0%,"0,0 mm",41.6Km/h,Możliwe przelotne deszcze,26.4Km/h,273°,"9,3°  C",7.3 Km,90%,100%,2022-01-01 07:00:00
56,W,0%,"0,1 mm",41.5Km/h,Lekka mżawka,26.5Km/h,274°,"9,3°  C",4.7 Km,90%,100%,2022-01-01 08:00:00
57,W,0%,"0,1 mm",41.4Km/h,Lekka mżawka,26.6Km/h,276°,"9,3°  C",2 Km,90%,100%,2022-01-01 09:00:00
58,WNW,0%,"0,0 mm",39.4Km/h,Lekka mżawka,25.7Km/h,282°,"9,4°  C",4.7 Km,90%,100%,2022-01-01 10:00:00
59,WNW,0%,"0,0 mm",37.3Km/h,Możliwe przelotne deszcze,24.7Km/h,288°,"9,4°  C",7.3 Km,89%,100%,2022-01-01 11:00:00
60,WNW,0%,"0,0 mm",35.3Km/h,Możliwe przelotne deszcze,23.8Km/h,294°,"9,5°  C",10 Km,88%,100%,2022-01-01 12:00:00
61,WNW,0%,"0,0 mm",33.1Km/h,Możliwe przelotne deszcze,22.4Km/h,295°,"9,2°  C",10 Km,86%,97%,2022-01-01 13:00:00
62,WNW,0%,0 mm,31Km/h,Pochmurno,21.1Km/h,296°,"8,8°  C",10 Km,85%,93%,2022-01-01 14:00:00
63,WNW,0%,0 mm,28.8Km/h,Pochmurno,19.8Km/h,297°,"8,5°  C",10 Km,83%,90%,2022-01-01 15:00:00
64,WNW,0%,0 mm,27.2Km/h,Pochmurno,18.4Km/h,293°,8°  C,10 Km,85%,93%,2022-01-01 16:00:00
65,WNW,0%,0 mm,25.7Km/h,Pochmurno,16.9Km/h,289°,"7,5°  C",10 Km,86%,97%,2022-01-01 17:00:00
66,WNW,0%,0 mm,24.1Km/h,Pochmurno,15.5Km/h,285°,7°  C,10 Km,87%,100%,2022-01-01 18:00:00
67,WNW,0%,0 mm,24.4Km/h,Pochmurno,15.6Km/h,284°,7°  C,10 Km,84%,100%,2022-01-01 19:00:00
68,WNW,0%,0 mm,24.6Km/h,Pochmurno,15.7Km/h,283°,7°  C,10 Km,82%,100%,2022-01-01 20:00:00
69,WNW,0%,0 mm,24.8Km/h,Pochmurno,15.8Km/h,282°,7°  C,10 Km,79%,100%,2022-01-01 21:00:00
70,WNW,0%,0 mm,21.4Km/h,Pochmurno,13.3Km/h,292°,5°  C,10 Km,80%,80%,2022-01-01 22:00:00
71,WNW,0%,0 mm,17.9Km/h,Częściowe zachmurzenie,10.8Km/h,303°,3°  C,10 Km,82%,60%,2022-01-01 23:00:00
72,W,0%,0 mm,23.4Km/h,Zachmurzenie,15.8Km/h,271°,(-1.2)°  C,10 Km,87%,56%,2020-01-02 00:00:00
73,W,0%,0 mm,23.2Km/h,Zachmurzenie,15.4Km/h,270°,(-0.8)°  C,10 Km,88%,47%,2020-01-02 01:00:00
74,W,0%,0 mm,22.9Km/h,Częściowe zachmurzenie,14.9Km/h,270°,(-0.5)°  C,10 Km,88%,38%,2020-01-02 02:00:00
75,W,0%,0 mm,22.7Km/h,Częściowe zachmurzenie,14.4Km/h,269°,(-0.1)°  C,10 Km,89%,29%,2020-01-02 03:00:00
76,W,0%,0 mm,23.6Km/h,Częściowe zachmurzenie,14.8Km/h,268°,0°  C,10 Km,87%,44%,2020-01-02 04:00:00
77,W,0%,0 mm,24.6Km/h,Częściowe zachmurzenie,15.1Km/h,268°,0°  C,10 Km,84%,58%,2020-01-02 05:00:00
78,W,0%,0 mm,25.6Km/h,Częściowe zachmurzenie,15.5Km/h,267°,"0,1°  C",10 Km,82%,73%,2020-01-02 06:00:00
79,W,0%,0 mm,27.1Km/h,Częściowe zachmurzenie,16.6Km/h,268°,"0,6°  C",10 Km,76%,64%,2020-01-02 07:00:00
80,W,0%,0 mm,28.7Km/h,Pochmurno,17.6Km/h,268°,"1,1°  C",10 Km,70%,54%,2020-01-02 08:00:00
81,W,0%,0 mm,30.2Km/h,Pochmurno,18.7Km/h,268°,"1,6°  C",10 Km,64%,45%,2020-01-02 09:00:00
82,W,0%,0 mm,30.2Km/h,Pochmurno,19Km/h,269°,"2,4°  C",10 Km,58%,34%,2020-01-02 10:00:00
83,W,0%,0 mm,30.2Km/h,Częściowe zachmurzenie,19.2Km/h,269°,"3,2°  C",10 Km,53%,24%,2020-01-02 11:00:00
84,W,0%,0 mm,30.2Km/h,Częściowe zachmurzenie,19.4Km/h,270°,4°  C,10 Km,47%,13%,2020-01-02 12:00:00
85,W,0%,0 mm,29.9Km/h,Częściowe zachmurzenie,18.4Km/h,268°,"3,8°  C",10 Km,47%,12%,2020-01-02 13:00:00
86,W,0%,0 mm,29.5Km/h,Częściowe zachmurzenie,17.3Km/h,266°,"3,6°  C",10 Km,46%,12%,2020-01-02 14:00:00
87,W,0%,0 mm,29.2Km/h,Częściowe zachmurzenie,16.2Km/h,264°,"3,4°  C",10 Km,46%,11%,2020-01-02 15:00:00
88,W,0%,0 mm,28.3Km/h,Częściowe zachmurzenie,15.1Km/h,263°,3°  C,10 Km,46%,13%,2020-01-02 16:00:00
89,W,0%,0 mm,27.5Km/h,Częściowe zachmurzenie,14Km/h,262°,"2,6°  C",10 Km,46%,14%,2020-01-02 17:00:00
90,W,0%,0 mm,26.6Km/h,Częściowe zachmurzenie,13Km/h,261°,"2,2°  C",10 Km,46%,16%,2020-01-02 18:00:00
91,WSW,0%,0 mm,24.7Km/h,Częściowe zachmurzenie,12Km/h,256°,"2,1°  C",10 Km,46%,13%,2020-01-02 19:00:00
92,WSW,0%,0 mm,22.8Km/h,Częściowe zachmurzenie,11Km/h,250°,2°  C,10 Km,45%,9%,2020-01-02 20:00:00
93,WSW,0%,0 mm,20.9Km/h,Częściowe zachmurzenie,10.1Km/h,244°,"1,9°  C",10 Km,45%,6%,2020-01-02 21:00:00
94,WSW,0%,0 mm,20.5Km/h,Częściowe zachmurzenie,9.8Km/h,237°,"1,8°  C",10 Km,44%,12%,2020-01-02 22:00:00
95,SW,0%,0 mm,20.2Km/h,Częściowe zachmurzenie,9.6Km/h,229°,"1,6°  C",10 Km,44%,19%,2020-01-02 23:00:00
96,S,0%,0 mm,16.2Km/h,Pochmurno,8.6Km/h,178°,(-0.2)°  C,10 Km,89%,67%,2021-01-02 00:00:00
97,S,0%,0 mm,15.4Km/h,Pochmurno,8.3Km/h,186°,"0,2°  C",10 Km,89%,57%,2021-01-02 01:00:00
98,SSW,0%,0 mm,14.5Km/h,Częściowe zachmurzenie,7.9Km/h,194°,"0,6°  C",10 Km,89%,46%,2021-01-02 02:00:00
99,SSW,0%,0 mm,13.7Km/h,Częściowe zachmurzenie,7.6Km/h,202°,1°  C,10 Km,88%,36%,2021-01-02 03:00:00
100,SSW,0%,0 mm,13.3Km/h,Częściowe zachmurzenie,7.6Km/h,211°,"0,7°  C",10 Km,89%,32%,2021-01-02 04:00:00
101,SW,0%,0 mm,13Km/h,Częściowe zachmurzenie,7.6Km/h,220°,"0,5°  C",10 Km,89%,28%,2021-01-02 05:00:00
102,SW,0%,0 mm,12.6Km/h,Częściowe zachmurzenie,7.6Km/h,229°,"0,2°  C",10 Km,89%,24%,2021-01-02 06:00:00
103,WSW,0%,0 mm,11.6Km/h,Częściowe zachmurzenie,7.2Km/h,239°,"0,3°  C",10 Km,88%,25%,2021-01-02 07:00:00
104,WSW,0%,0 mm,10.7Km/h,Częściowe zachmurzenie,6.8Km/h,249°,"0,5°  C",10 Km,87%,27%,2021-01-02 08:00:00
105,W,0%,0 mm,9.7Km/h,Częściowe zachmurzenie,6.5Km/h,259°,"0,6°  C",10 Km,87%,28%,2021-01-02 09:00:00
106,W,0%,0 mm,7.7Km/h,Częściowe zachmurzenie,5.3Km/h,266°,1°  C,10 Km,86%,36%,2021-01-02 10:00:00
107,W,0%,0 mm,5.6Km/h,Częściowe zachmurzenie,4.1Km/h,273°,"1,3°  C",10 Km,85%,43%,2021-01-02 11:00:00
108,WNW,0%,0 mm,3.6Km/h,Częściowe zachmurzenie,2.9Km/h,281°,"1,7°  C",10 Km,84%,51%,2021-01-02 12:00:00
109,SW,0%,0 mm,4.4Km/h,Częściowe zachmurzenie,3.2Km/h,235°,"1,6°  C",10 Km,84%,63%,2021-01-02 13:00:00
110,S,0%,0 mm,5.3Km/h,Częściowe zachmurzenie,3.6Km/h,190°,"1,6°  C",10 Km,85%,75%,2021-01-02 14:00:00
111,SE,0%,0 mm,6.1Km/h,Częściowe zachmurzenie,4Km/h,145°,"1,5°  C",10 Km,85%,87%,2021-01-02 15:00:00
112,ESE,0%,0 mm,8Km/h,Częściowe zachmurzenie,5.3Km/h,121°,"1,2°  C",8.2 Km,87%,91%,2021-01-02 16:00:00
113,E,0%,"0,0 mm",10Km/h,Pochmurno,6.6Km/h,97°,1°  C,6.5 Km,89%,96%,2021-01-02 17:00:00
114,ENE,0%,"0,0 mm",11.9Km/h,Pochmurno,7.9Km/h,72°,"0,7°  C",4.7 Km,92%,100%,2021-01-02 18:00:00
115,ENE,0%,"0,0 mm",12.1Km/h,Pochmurno,8Km/h,68°,(-0.7)°  C,5.6 Km,91%,100%,2021-01-02 19:00:00
116,ENE,0%,"0,0 mm",12.4Km/h,Mgła,8.2Km/h,63°,(-2.1)°  C,6.4 Km,90%,100%,2021-01-02 20:00:00
117,ENE,0%,"0,0 mm",12.6Km/h,Mgła,8.3Km/h,59°,(-3.5)°  C,7.3 Km,89%,100%,2021-01-02 21:00:00
118,ENE,0%,"0,0 mm",11.9Km/h,Mgła,7.4Km/h,69°,(-2.5)°  C,6.2 Km,90%,93%,2021-01-02 22:00:00
119,E,0%,"0,1 mm",11.2Km/h,Mgła,6.6Km/h,80°,(-1.4)°  C,5.1 Km,91%,86%,2021-01-02 23:00:00
120,NW,0%,0 mm,14.4Km/h,Częściowe zachmurzenie,8.3Km/h,314°,1°  C,10 Km,83%,40%,2022-01-02 00:00:00
121,SW,0%,0 mm,10Km/h,Częściowe zachmurzenie,5.8Km/h,229°,"0,7°  C",10 Km,85%,45%,2022-01-02 01:00:00
122,SE,0%,0 mm,5.5Km/h,Częściowe zachmurzenie,3.2Km/h,144°,"0,5°  C",10 Km,86%,50%,2022-01-02 02:00:00
123,ENE,0%,0 mm,1.1Km/h,Częściowe zachmurzenie,0.7Km/h,60°,"0,2°  C",10 Km,88%,54%,2022-01-02 03:00:00
124,E,0%,0 mm,4.9Km/h,Częściowe zachmurzenie,3Km/h,96°,"0,2°  C",10 Km,88%,69%,2022-01-02 04:00:00
125,SE,0%,0 mm,8.8Km/h,Pochmurno,5.3Km/h,131°,"0,2°  C",10 Km,88%,85%,2022-01-02 05:00:00
126,SSE,0%,0 mm,12.6Km/h,Pochmurno,7.6Km/h,167°,"0,2°  C",10 Km,89%,100%,2022-01-02 06:00:00
127,S,0%,0 mm,15.6Km/h,Pochmurno,9.6Km/h,170°,"0,5°  C",10 Km,87%,100%,2022-01-02 07:00:00
128,S,0%,"0,0 mm",18.6Km/h,Możliwe przelotne deszcze,11.6Km/h,172°,"0,8°  C",10 Km,86%,100%,2022-01-02 08:00:00
129,S,0%,"0,0 mm",21.6Km/h,Możliwe przelotne deszcze,13.7Km/h,175°,"1,1°  C",10 Km,85%,100%,2022-01-02 09:00:00
130,S,0%,"0,0 mm",20Km/h,Możliwe przelotne deszcze,12.8Km/h,170°,"1,7°  C",10 Km,84%,100%,2022-01-02 10:00:00
131,SSE,0%,0 mm,18.5Km/h,Pochmurno,12Km/h,164°,"2,4°  C",10 Km,84%,100%,2022-01-02 11:00:00
132,SSE,0%,0 mm,16.9Km/h,Pochmurno,11.2Km/h,159°,3°  C,10 Km,84%,100%,2022-01-02 12:00:00
133,SSE,0%,0 mm,18.4Km/h,Pochmurno,11.6Km/h,164°,"3,3°  C",10 Km,88%,97%,2022-01-02 13:00:00
134,SSE,0%,0 mm,19.8Km/h,Pochmurno,12.1Km/h,168°,"3,7°  C",10 Km,91%,94%,2022-01-02 14:00:00
135,S,0%,0 mm,21.2Km/h,Pochmurno,12.6Km/h,173°,4°  C,10 Km,94%,91%,2022-01-02 15:00:00
136,S,0%,0 mm,22.9Km/h,Pochmurno,13.8Km/h,186°,"4,5°  C",10 Km,94%,94%,2022-01-02 16:00:00
137,SSW,0%,"0,0 mm",24.6Km/h,Możliwe przelotne deszcze,15Km/h,199°,5°  C,10 Km,93%,97%,2022-01-02 17:00:00
138,SSW,0%,"0,0 mm",26.3Km/h,Możliwe przelotne deszcze,16.2Km/h,212°,"5,5°  C",10 Km,92%,100%,2022-01-02 18:00:00
139,SW,0%,"0,0 mm",27.1Km/h,Możliwe przelotne deszcze,16.8Km/h,219°,"5,8°  C",7.3 Km,93%,100%,2022-01-02 19:00:00
140,SW,0%,"0,2 mm",28Km/h,Lekka mżawka,17.4Km/h,226°,"6,1°  C",4.7 Km,95%,100%,2022-01-02 20:00:00
141,SW,0%,"0,3 mm",28.8Km/h,Lekka mżawka,18Km/h,233°,"6,4°  C",2 Km,96%,100%,2022-01-02 21:00:00
142,WSW,0%,"0,2 mm",31.7Km/h,Lekka mżawka,19.7Km/h,237°,"6,8°  C",3 Km,90%,93%,2022-01-02 22:00:00
143,WSW,0%,"0,1 mm",34.6Km/h,Częściowa lekka mżawka,21.4Km/h,242°,"7,3°  C",4 Km,84%,86%,2022-01-02 23:00:00
144,SW,0%,0 mm,19.8Km/h,Częściowe zachmurzenie,9.4Km/h,222°,"1,5°  C",10 Km,44%,25%,2020-01-03 00:00:00
145,SW,0%,0 mm,21.1Km/h,Częściowe zachmurzenie,10.3Km/h,223°,"1,4°  C",10 Km,44%,20%,2020-01-03 01:00:00
146,SW,0%,0 mm,22.4Km/h,Częściowe zachmurzenie,11.3Km/h,224°,"1,4°  C",10 Km,45%,16%,2020-01-03 02:00:00
147,SW,0%,0 mm,23.8Km/h,Częściowe zachmurzenie,12.2Km/h,225°,"1,3°  C",10 Km,46%,11%,2020-01-03 03:00:00
148,SW,0%,0 mm,24.1Km/h,Częściowe zachmurzenie,12.6Km/h,225°,"1,2°  C",10 Km,48%,7%,2020-01-03 04:00:00
149,SW,0%,0 mm,24.5Km/h,Bezchmurnie,13Km/h,226°,1°  C,10 Km,50%,4%,2020-01-03 05:00:00
150,SW,0%,0 mm,24.8Km/h,Bezchmurnie,13.3Km/h,227°,"0,9°  C",10 Km,52%,0%,2020-01-03 06:00:00
151,SW,0%,0 mm,25Km/h,Bezchmurnie,14Km/h,228°,"1,3°  C",10 Km,55%,0%,2020-01-03 07:00:00
152,SW,0%,0 mm,25.1Km/h,Bezchmurnie,14.8Km/h,229°,"1,7°  C",10 Km,58%,1%,2020-01-03 08:00:00
153,SW,0%,0 mm,25.2Km/h,Słoneczny,15.5Km/h,231°,"2,1°  C",10 Km,60%,1%,2020-01-03 09:00:00
154,SW,0%,0 mm,26Km/h,Słoneczny,16.4Km/h,231°,"2,9°  C",10 Km,60%,8%,2020-01-03 10:00:00
155,SW,0%,0 mm,26.9Km/h,Częściowe zachmurzenie,17.4Km/h,232°,"3,8°  C",10 Km,60%,15%,2020-01-03 11:00:00
156,SW,0%,0 mm,27.7Km/h,Częściowe zachmurzenie,18.4Km/h,232°,"4,6°  C",10 Km,60%,22%,2020-01-03 12:00:00
157,SW,0%,0 mm,28.2Km/h,Częściowe zachmurzenie,18.1Km/h,231°,"4,5°  C",10 Km,62%,29%,2020-01-03 13:00:00
158,SW,0%,0 mm,28.7Km/h,Częściowe zachmurzenie,17.9Km/h,230°,"4,4°  C",10 Km,64%,35%,2020-01-03 14:00:00
159,SW,0%,0 mm,29.2Km/h,Częściowe zachmurzenie,17.6Km/h,229°,"4,3°  C",10 Km,66%,41%,2020-01-03 15:00:00
160,SW,0%,0 mm,29.8Km/h,Częściowe zachmurzenie,18Km/h,232°,"3,2°  C",10 Km,68%,55%,2020-01-03 16:00:00
161,WSW,0%,0 mm,30.4Km/h,Częściowe zachmurzenie,18.4Km/h,236°,"2,1°  C",10 Km,71%,68%,2020-01-03 17:00:00
162,WSW,0%,0 mm,31Km/h,Częściowe zachmurzenie,18.7Km/h,240°,1°  C,10 Km,73%,82%,2020-01-03 18:00:00
163,WSW,0%,0 mm,31.6Km/h,Częściowe zachmurzenie,19.2Km/h,242°,(-0.8)°  C,10 Km,75%,88%,2020-01-03 19:00:00
164,WSW,0%,"0,0 mm",32.2Km/h,Pochmurno,19.7Km/h,243°,(-2.5)°  C,10 Km,77%,94%,2020-01-03 20:00:00
165,WSW,0%,"0,0 mm",32.8Km/h,Pochmurno,20.2Km/h,245°,(-4.3)°  C,10 Km,80%,100%,2020-01-03 21:00:00
166,WSW,0%,"0,0 mm",33.8Km/h,Pochmurno,21.1Km/h,243°,(-2.2)°  C,10 Km,80%,100%,2020-01-03 22:00:00
167,WSW,0%,0 mm,34.9Km/h,Pochmurno,22.1Km/h,241°,(-0.2)°  C,10 Km,80%,100%,2020-01-03 23:00:00
168,E,0%,"0,1 mm",10.4Km/h,Mgła,5.8Km/h,91°,(-0.4)°  C,4 Km,91%,80%,2021-01-03 00:00:00
169,E,0%,"0,0 mm",13Km/h,Mgła,7.1Km/h,90°,"0,4°  C",5.4 Km,89%,71%,2021-01-03 01:00:00
170,E,0%,"0,0 mm",15.5Km/h,Częściowa lekka mżawka,8.4Km/h,89°,"1,3°  C",6.9 Km,87%,63%,2021-01-03 02:00:00
171,E,0%,"0,0 mm",18Km/h,Częściowa lekka mżawka,9.7Km/h,88°,"2,1°  C",8.3 Km,85%,55%,2021-01-03 03:00:00
172,E,0%,"0,0 mm",18.5Km/h,Częściowa lekka mżawka,10.1Km/h,89°,2°  C,8.9 Km,85%,65%,2021-01-03 04:00:00
173,E,0%,0 mm,19Km/h,Częściowe zachmurzenie,10.4Km/h,90°,"1,8°  C",9.4 Km,85%,74%,2021-01-03 05:00:00
174,E,0%,0 mm,19.4Km/h,Częściowe zachmurzenie,10.8Km/h,91°,"1,7°  C",10 Km,85%,83%,2021-01-03 06:00:00
175,E,0%,0 mm,19.3Km/h,Częściowe zachmurzenie,11Km/h,95°,2°  C,10 Km,83%,77%,2021-01-03 07:00:00
176,E,0%,0 mm,19.2Km/h,Pochmurno,11.3Km/h,98°,"2,2°  C",10 Km,81%,72%,2021-01-03 08:00:00
177,ESE,0%,0 mm,19.1Km/h,Pochmurno,11.5Km/h,102°,"2,5°  C",10 Km,79%,66%,2021-01-03 09:00:00
178,E,0%,0 mm,19.2Km/h,Pochmurno,11.9Km/h,100°,"2,9°  C",10 Km,77%,72%,2021-01-03 10:00:00
179,E,0%,0 mm,19.3Km/h,Częściowe zachmurzenie,12.2Km/h,99°,"3,3°  C",10 Km,74%,77%,2021-01-03 11:00:00
180,E,0%,0 mm,19.4Km/h,Częściowe zachmurzenie,12.6Km/h,97°,"3,7°  C",10 Km,72%,83%,2021-01-03 12:00:00
181,E,0%,0 mm,19.8Km/h,Częściowe zachmurzenie,12.7Km/h,96°,"3,5°  C",10 Km,72%,89%,2021-01-03 13:00:00
182,E,0%,0 mm,20.2Km/h,Pochmurno,12.8Km/h,94°,"3,4°  C",10 Km,73%,94%,2021-01-03 14:00:00
183,E,0%,0 mm,20.5Km/h,Pochmurno,13Km/h,93°,"3,2°  C",10 Km,74%,100%,2021-01-03 15:00:00
184,E,0%,0 mm,20.2Km/h,Pochmurno,12.8Km/h,92°,3°  C,10 Km,76%,100%,2021-01-03 16:00:00
185,E,0%,0 mm,19.8Km/h,Pochmurno,12.7Km/h,91°,"2,9°  C",10 Km,78%,100%,2021-01-03 17:00:00
186,E,0%,0 mm,19.4Km/h,Pochmurno,12.6Km/h,91°,"2,7°  C",10 Km,80%,100%,2021-01-03 18:00:00
187,E,0%,0 mm,19.8Km/h,Pochmurno,13Km/h,89°,"2,5°  C",9.8 Km,82%,100%,2021-01-03 19:00:00
188,E,0%,"0,2 mm",20.2Km/h,Pochmurno,13.3Km/h,88°,"2,4°  C",9.5 Km,85%,100%,2021-01-03 20:00:00
189,E,0%,"0,3 mm",20.5Km/h,Pochmurno,13.7Km/h,87°,"2,2°  C",9.3 Km,87%,100%,2021-01-03 21:00:00
190,E,0%,"0,2 mm",20.9Km/h,Pochmurno,14Km/h,81°,"1,5°  C",8.6 Km,88%,97%,2021-01-03 22:00:00
191,ENE,0%,"0,0 mm",21.2Km/h,Lekka mżawka,14.4Km/h,75°,"0,7°  C",8 Km,89%,93%,2021-01-03 23:00:00
192,WSW,0%,"0,1 mm",37.4Km/h,Częściowa lekka mżawka,23Km/h,247°,"7,7°  C",5 Km,78%,79%,2022-01-03 00:00:00
193,WSW,0%,"0,1 mm",39.7Km/h,Częściowa lekka mżawka,24.4Km/h,254°,"7,7°  C",6.7 Km,79%,83%,2022-01-03 01:00:00
194,W,0%,0 mm,42Km/h,Pochmurno,25.7Km/h,260°,"7,6°  C",8.3 Km,80%,86%,2022-01-03 02:00:00
195,W,0%,0 mm,44.3Km/h,Pochmurno,27Km/h,267°,"7,6°  C",10 Km,82%,90%,2022-01-03 03:00:00
196,W,0%,0 mm,41.6Km/h,Pochmurno,25.6Km/h,264°,"7,3°  C",10 Km,83%,75%,2022-01-03 04:00:00
197,W,0%,0 mm,39Km/h,Częściowe zachmurzenie,24.1Km/h,261°,7°  C,10 Km,84%,59%,2022-01-03 05:00:00
198,WSW,0%,0 mm,36.4Km/h,Częściowe zachmurzenie,22.7Km/h,258°,"6,7°  C",10 Km,85%,43%,2022-01-03 06:00:00
199,WSW,0%,0 mm,34.6Km/h,Częściowe zachmurzenie,21.7Km/h,256°,"6,6°  C",10 Km,86%,60%,2022-01-03 07:00:00
200,WSW,0%,0 mm,32.8Km/h,Pochmurno,20.8Km/h,255°,"6,4°  C",10 Km,87%,76%,2022-01-03 08:00:00
201,WSW,0%,0 mm,31Km/h,Pochmurno,19.8Km/h,253°,"6,3°  C",10 Km,89%,93%,2022-01-03 09:00:00
202,WSW,0%,0 mm,28.9Km/h,Pochmurno,19.1Km/h,251°,"6,5°  C",10 Km,88%,95%,2022-01-03 10:00:00
203,WSW,0%,0 mm,26.9Km/h,Pochmurno,18.4Km/h,249°,"6,8°  C",10 Km,88%,98%,2022-01-03 11:00:00
204,WSW,0%,0 mm,24.8Km/h,Pochmurno,17.6Km/h,247°,7°  C,10 Km,88%,100%,2022-01-03 12:00:00
205,WSW,0%,0 mm,21.7Km/h,Pochmurno,15.4Km/h,246°,"6,7°  C",7.3 Km,90%,100%,2022-01-03 13:00:00
206,WSW,0%,"0,2 mm",18.6Km/h,Lekka mżawka,13.1Km/h,246°,"6,3°  C",4.7 Km,92%,100%,2022-01-03 14:00:00
207,WSW,0%,"0,3 mm",15.5Km/h,Lekka mżawka,10.8Km/h,245°,6°  C,2 Km,95%,100%,2022-01-03 15:00:00
208,W,0%,"0,2 mm",21.1Km/h,Lekka mżawka,15Km/h,259°,"6,4°  C",2 Km,91%,100%,2022-01-03 16:00:00
209,W,0%,"0,1 mm",26.8Km/h,Lekka mżawka,19.2Km/h,273°,"6,9°  C",2 Km,88%,100%,2022-01-03 17:00:00
210,WNW,0%,"0,2 mm",32.4Km/h,Lekka mżawka,23.4Km/h,287°,"7,3°  C",2 Km,84%,100%,2022-01-03 18:00:00
211,W,0%,"0,1 mm",32.5Km/h,Lekka mżawka,22.9Km/h,279°,"7,1°  C",4.7 Km,81%,84%,2022-01-03 19:00:00
212,W,0%,0 mm,32.6Km/h,Częściowe zachmurzenie,22.4Km/h,271°,7°  C,7.3 Km,77%,68%,2022-01-03 20:00:00
213,W,0%,0 mm,32.8Km/h,Częściowe zachmurzenie,22Km/h,263°,"6,8°  C",10 Km,73%,53%,2022-01-03 21:00:00
214,W,0%,0 mm,33.7Km/h,Częściowe zachmurzenie,22.7Km/h,261°,"6,8°  C",10 Km,75%,64%,2022-01-03 22:00:00
215,WSW,0%,0 mm,34.7Km/h,Zachmurzenie,23.4Km/h,258°,"6,7°  C",10 Km,76%,75%,2022-01-03 23:00:00
216,WSW,0%,0 mm,36Km/h,Pochmurno,23Km/h,239°,"1,9°  C",10 Km,80%,100%,2020-01-04 00:00:00
217,WSW,0%,0 mm,36.6Km/h,Pochmurno,23.3Km/h,243°,"2,7°  C",9.8 Km,82%,100%,2020-01-04 01:00:00
218,WSW,0%,"0,2 mm",37.2Km/h,Pochmurno,23.5Km/h,248°,"3,6°  C",9.5 Km,85%,100%,2020-01-04 02:00:00
219,WSW,0%,"0,3 mm",37.8Km/h,Pochmurno,23.8Km/h,253°,"4,4°  C",9.3 Km,87%,100%,2020-01-04 03:00:00
220,W,0%,"0,2 mm",36Km/h,Pochmurno,22.7Km/h,263°,"4,2°  C",9.2 Km,86%,90%,2020-01-04 04:00:00
221,W,0%,"0,5 mm",34.2Km/h,Lekki deszcz,21.6Km/h,273°,4°  C,9.1 Km,85%,79%,2020-01-04 05:00:00
222,WNW,0%,"0,7 mm",32.4Km/h,Lekki deszcz,20.5Km/h,283°,"3,8°  C",9 Km,85%,69%,2020-01-04 06:00:00
223,WNW,0%,"0,4 mm",33Km/h,Lekki deszcz,21.6Km/h,283°,"3,6°  C",9.2 Km,83%,74%,2020-01-04 07:00:00
224,WNW,0%,"0,2 mm",33.6Km/h,Lekki deszcz ze śniegiem,22.7Km/h,283°,"3,4°  C",9.5 Km,81%,79%,2020-01-04 08:00:00
225,WNW,0%,"0,3 mm",34.2Km/h,Lekki deszcz ze śniegiem,23.8Km/h,283°,"3,2°  C",9.7 Km,79%,85%,2020-01-04 09:00:00
226,W,0%,"0,1 mm",34.9Km/h,Lekki deszcz ze śniegiem,24.6Km/h,278°,"3,3°  C",9.8 Km,78%,90%,2020-01-04 10:00:00
227,W,0%,0 mm,35.6Km/h,Pochmurno,25.4Km/h,274°,"3,4°  C",9.9 Km,76%,95%,2020-01-04 11:00:00
228,W,0%,0 mm,36.4Km/h,Pochmurno,26.3Km/h,269°,"3,5°  C",10 Km,74%,100%,2020-01-04 12:00:00
229,W,0%,0 mm,37.9Km/h,Pochmurno,27.4Km/h,267°,"3,4°  C",8.9 Km,77%,100%,2020-01-04 13:00:00
230,W,0%,"0,0 mm",39.5Km/h,Pochmurno,28.4Km/h,264°,"3,3°  C",7.8 Km,79%,100%,2020-01-04 14:00:00
231,W,0%,"0,0 mm",41Km/h,Pochmurno,29.5Km/h,262°,"3,2°  C",6.7 Km,81%,100%,2020-01-04 15:00:00
232,W,0%,"0,0 mm",40.3Km/h,Pochmurno,28.9Km/h,266°,"3,1°  C",5.5 Km,82%,100%,2020-01-04 16:00:00
233,W,0%,"0,1 mm",39.6Km/h,Umiarkowane opady śniegu,28.3Km/h,270°,3°  C,4.2 Km,83%,100%,2020-01-04 17:00:00
234,W,0%,"0,2 mm",38.9Km/h,Umiarkowane opady śniegu,27.7Km/h,275°,"2,9°  C",3 Km,84%,100%,2020-01-04 18:00:00
235,WNW,0%,"0,1 mm",37.9Km/h,Umiarkowane opady śniegu,26.6Km/h,281°,"2,6°  C",4.4 Km,82%,100%,2020-01-04 19:00:00
236,WNW,0%,"0,1 mm",37Km/h,Obfite opady śniegu,25.6Km/h,287°,"2,4°  C",5.9 Km,79%,100%,2020-01-04 20:00:00
237,WNW,0%,"0,1 mm",36Km/h,Obfite opady śniegu,24.5Km/h,294°,"2,1°  C",7.3 Km,76%,100%,2020-01-04 21:00:00
238,WNW,0%,"0,0 mm",35.6Km/h,Obfite opady śniegu,23.8Km/h,299°,"1,9°  C",8.2 Km,74%,95%,2020-01-04 22:00:00
239,NW,0%,"0,0 mm",35.3Km/h,Lekki śnieg,23Km/h,305°,"1,6°  C",9.1 Km,72%,89%,2020-01-04 23:00:00
240,ENE,0%,"0,0 mm",21.6Km/h,Lekka mżawka,14.8Km/h,68°,0°  C,7.3 Km,89%,90%,2021-01-04 00:00:00
241,ENE,0%,"0,0 mm",20.9Km/h,Lekka mżawka,14.2Km/h,67°,"0,4°  C",8.2 Km,89%,85%,2021-01-04 01:00:00
242,ENE,0%,0 mm,20.2Km/h,Zachmurzenie,13.6Km/h,66°,"0,7°  C",9.1 Km,90%,79%,2021-01-04 02:00:00
243,ENE,0%,0 mm,19.4Km/h,Zachmurzenie,13Km/h,65°,"1,1°  C",10 Km,90%,74%,2021-01-04 03:00:00
244,ENE,0%,0 mm,17.6Km/h,Zachmurzenie,11.8Km/h,68°,"1,1°  C",10 Km,91%,79%,2021-01-04 04:00:00
245,ENE,0%,0 mm,15.8Km/h,Zachmurzenie,10.6Km/h,72°,"1,1°  C",10 Km,92%,84%,2021-01-04 05:00:00
246,ENE,0%,0 mm,14Km/h,Zachmurzenie,9.4Km/h,75°,"1,1°  C",10 Km,93%,90%,2021-01-04 06:00:00
247,ENE,0%,0 mm,12.2Km/h,Zachmurzenie,8.2Km/h,68°,"1,3°  C",8.2 Km,94%,93%,2021-01-04 07:00:00
248,ENE,0%,"0,0 mm",10.4Km/h,Pochmurno,7Km/h,61°,"1,5°  C",6.5 Km,95%,97%,2021-01-04 08:00:00
249,NE,0%,"0,0 mm",8.6Km/h,Pochmurno,5.8Km/h,54°,"1,7°  C",4.7 Km,96%,100%,2021-01-04 09:00:00
250,ESE,0%,"0,0 mm",8.9Km/h,Pochmurno,5.9Km/h,120°,"1,9°  C",3.8 Km,96%,100%,2021-01-04 10:00:00
251,S,0%,0 mm,9.1Km/h,Mgła,6Km/h,186°,"2,1°  C",2.9 Km,96%,100%,2021-01-04 11:00:00
252,WSW,0%,0 mm,9.4Km/h,Mgła,6.1Km/h,251°,"2,3°  C",2 Km,96%,100%,2021-01-04 12:00:00
253,SSW,0%,0 mm,10.1Km/h,Mgła,6.7Km/h,208°,"2,4°  C",2 Km,96%,100%,2021-01-04 13:00:00
254,SSE,0%,"0,0 mm",10.8Km/h,Mgła,7.3Km/h,164°,"2,5°  C",2 Km,96%,100%,2021-01-04 14:00:00
255,ESE,0%,"0,0 mm",11.5Km/h,Mgła,7.9Km/h,120°,"2,6°  C",2 Km,96%,100%,2021-01-04 15:00:00
256,E,0%,"0,0 mm",11.3Km/h,Mgła,7.7Km/h,81°,"2,5°  C",2 Km,96%,100%,2021-01-04 16:00:00
257,NE,0%,0 mm,11Km/h,Mgła,7.4Km/h,41°,"2,5°  C",2 Km,96%,100%,2021-01-04 17:00:00
258,N,0%,0 mm,10.8Km/h,Mgła,7.2Km/h,2°,"2,4°  C",2 Km,97%,100%,2021-01-04 18:00:00
259,N,0%,0 mm,10.9Km/h,Mgła,7.3Km/h,8°,1°  C,3.8 Km,96%,100%,2021-01-04 19:00:00
260,NNE,0%,0 mm,11Km/h,Mgła,7.4Km/h,13°,(-0.3)°  C,5.5 Km,95%,99%,2021-01-04 20:00:00
261,NNE,0%,0 mm,11.2Km/h,Mgła,7.6Km/h,18°,(-1.7)°  C,7.3 Km,95%,99%,2021-01-04 21:00:00
262,NNE,0%,0 mm,13.8Km/h,Mgła,9Km/h,29°,(-0.4)°  C,8.2 Km,94%,98%,2021-01-04 22:00:00
263,NE,0%,0 mm,16.4Km/h,Pochmurno,10.4Km/h,39°,1°  C,9.1 Km,94%,98%,2021-01-04 23:00:00
264,WSW,0%,0 mm,35.6Km/h,Zachmurzenie,24.1Km/h,255°,"6,7°  C",10 Km,78%,86%,2022-01-04 00:00:00
265,WSW,0%,0 mm,34.9Km/h,Zachmurzenie,23.5Km/h,255°,"6,4°  C",10 Km,79%,86%,2022-01-04 01:00:00
266,WSW,0%,0 mm,34.2Km/h,Pochmurno,22.9Km/h,254°,"6,2°  C",10 Km,81%,87%,2022-01-04 02:00:00
267,WSW,0%,0 mm,33.5Km/h,Pochmurno,22.3Km/h,253°,"5,9°  C",10 Km,82%,88%,2022-01-04 03:00:00
268,WSW,0%,0 mm,34.3Km/h,Pochmurno,22.9Km/h,252°,"5,9°  C",10 Km,81%,82%,2022-01-04 04:00:00
269,WSW,0%,0 mm,35.2Km/h,Zachmurzenie,23.5Km/h,251°,6°  C,10 Km,79%,76%,2022-01-04 05:00:00
270,WSW,0%,0 mm,36Km/h,Zachmurzenie,24.1Km/h,251°,6°  C,10 Km,78%,70%,2022-01-04 06:00:00
271,WSW,0%,0 mm,34.9Km/h,Zachmurzenie,23.4Km/h,243°,"5,9°  C",10 Km,79%,62%,2022-01-04 07:00:00
272,WSW,0%,0 mm,33.8Km/h,Częściowe zachmurzenie,22.7Km/h,236°,"5,9°  C",10 Km,80%,55%,2022-01-04 08:00:00
273,SW,0%,0 mm,32.8Km/h,Częściowe zachmurzenie,22Km/h,228°,"5,8°  C",10 Km,81%,48%,2022-01-04 09:00:00
274,SW,0%,0 mm,32.6Km/h,Częściowe zachmurzenie,22.7Km/h,229°,"6,4°  C",10 Km,80%,65%,2022-01-04 10:00:00
275,SW,0%,0 mm,32.5Km/h,Pochmurno,23.4Km/h,231°,"6,9°  C",10 Km,79%,83%,2022-01-04 11:00:00
276,SW,0%,0 mm,32.4Km/h,Pochmurno,24.1Km/h,232°,"7,5°  C",10 Km,77%,100%,2022-01-04 12:00:00
277,SW,0%,0 mm,29.6Km/h,Pochmurno,22.3Km/h,232°,"7,3°  C",10 Km,80%,100%,2022-01-04 13:00:00
278,SW,0%,"0,0 mm",26.9Km/h,Możliwe przelotne deszcze,20.5Km/h,233°,"7,2°  C",10 Km,83%,100%,2022-01-04 14:00:00
279,SW,0%,"0,0 mm",24.1Km/h,Możliwe przelotne deszcze,18.7Km/h,233°,7°  C,10 Km,86%,100%,2022-01-04 15:00:00
280,WSW,0%,"0,0 mm",20.6Km/h,Możliwe przelotne deszcze,15.8Km/h,251°,"6,4°  C",7.3 Km,88%,100%,2022-01-04 16:00:00
281,W,0%,"0,1 mm",17.2Km/h,Lekka mżawka,13Km/h,269°,"5,9°  C",4.7 Km,90%,100%,2022-01-04 17:00:00
282,WNW,0%,"0,1 mm",13.7Km/h,Lekka mżawka,10.1Km/h,287°,"5,3°  C",2 Km,92%,100%,2022-01-04 18:00:00
283,WNW,0%,"0,1 mm",12.8Km/h,Lekka mżawka,9.8Km/h,295°,"4,3°  C",2 Km,94%,100%,2022-01-04 19:00:00
284,WNW,0%,"0,1 mm",12Km/h,Obfite opady śniegu,9.6Km/h,303°,"3,3°  C",2 Km,96%,100%,2022-01-04 20:00:00
285,NW,0%,"0,2 mm",11.2Km/h,Obfite opady śniegu,9.4Km/h,311°,"2,3°  C",2 Km,98%,100%,2022-01-04 21:00:00
286,NW,0%,"0,1 mm",11.6Km/h,Obfite opady śniegu,9Km/h,306°,"3,3°  C",4.3 Km,98%,100%,2022-01-04 22:00:00
287,WNW,0%,"0,3 mm",12.1Km/h,Lekki deszcz,8.6Km/h,301°,"4,4°  C",6.7 Km,99%,100%,2022-01-04 23:00:00
288,NW,0%,"0,0 mm",34.9Km/h,Lekki śnieg,22.3Km/h,310°,"1,4°  C",10 Km,70%,84%,2020-01-05 00:00:00
289,NW,0%,"0,0 mm",35.2Km/h,Lekki śnieg,22.4Km/h,313°,"1,2°  C",10 Km,68%,72%,2020-01-05 01:00:00
290,NW,0%,0 mm,35.4Km/h,"Łagodny, lekki śnieg",22.6Km/h,316°,1°  C,10 Km,66%,60%,2020-01-05 02:00:00
291,NW,0%,0 mm,35.6Km/h,"Łagodny, lekki śnieg",22.7Km/h,319°,"0,8°  C",10 Km,65%,48%,2020-01-05 03:00:00
292,NW,0%,0 mm,35Km/h,"Łagodny, lekki śnieg",22.2Km/h,320°,"0,6°  C",10 Km,65%,43%,2020-01-05 04:00:00
293,NW,0%,0 mm,34.4Km/h,"Łagodny, lekki śnieg",21.7Km/h,320°,"0,4°  C",10 Km,66%,38%,2020-01-05 05:00:00
294,NW,0%,0 mm,33.8Km/h,"Łagodny, lekki śnieg",21.2Km/h,320°,"0,2°  C",10 Km,66%,33%,2020-01-05 06:00:00
295,NW,0%,0 mm,32.6Km/h,"Łagodny, lekki śnieg",21Km/h,320°,"0,4°  C",10 Km,66%,35%,2020-01-05 07:00:00
296,NW,0%,0 mm,31.4Km/h,"Łagodny, lekki śnieg",20.8Km/h,321°,"0,6°  C",10 Km,66%,37%,2020-01-05 08:00:00
297,NW,0%,0 mm,30.2Km/h,"Łagodny, lekki śnieg",20.5Km/h,321°,"0,8°  C",10 Km,66%,39%,2020-01-05 09:00:00
298,NW,0%,0 mm,29.2Km/h,"Łagodny, lekki śnieg",20.2Km/h,322°,"1,2°  C",10 Km,64%,50%,2020-01-05 10:00:00
299,NW,0%,"0,0 mm",28.1Km/h,Częściowe zachmurzenie,19.8Km/h,322°,"1,5°  C",10 Km,62%,62%,2020-01-05 11:00:00
300,NW,0%,"0,0 mm",27Km/h,Częściowe zachmurzenie,19.4Km/h,323°,"1,9°  C",10 Km,61%,74%,2020-01-05 12:00:00
301,NW,0%,"0,0 mm",24.8Km/h,Częściowe zachmurzenie,17.5Km/h,318°,"1,6°  C",10 Km,61%,65%,2020-01-05 13:00:00
302,NW,0%,0 mm,22.7Km/h,Lekkie przelotne opady śniegu,15.6Km/h,312°,"1,4°  C",10 Km,62%,56%,2020-01-05 14:00:00
303,NW,0%,0 mm,20.5Km/h,Lekkie przelotne opady śniegu,13.7Km/h,307°,"1,1°  C",10 Km,63%,47%,2020-01-05 15:00:00
304,WNW,0%,0 mm,19.4Km/h,Lekkie przelotne opady śniegu,12.6Km/h,301°,"0,7°  C",10 Km,64%,38%,2020-01-05 16:00:00
305,WNW,0%,0 mm,18.4Km/h,Częściowe zachmurzenie,11.5Km/h,295°,"0,4°  C",10 Km,65%,29%,2020-01-05 17:00:00
306,WNW,0%,0 mm,17.3Km/h,Częściowe zachmurzenie,10.4Km/h,289°,0°  C,10 Km,66%,21%,2020-01-05 18:00:00
307,WNW,0%,0 mm,16.8Km/h,Częściowe zachmurzenie,10.3Km/h,283°,(-0.1)°  C,10 Km,67%,22%,2020-01-05 19:00:00
308,W,0%,0 mm,16.3Km/h,Częściowe zachmurzenie,10.2Km/h,277°,(-0.3)°  C,10 Km,69%,24%,2020-01-05 20:00:00
309,W,0%,0 mm,15.8Km/h,Częściowe zachmurzenie,10.1Km/h,271°,(-0.4)°  C,10 Km,71%,26%,2020-01-05 21:00:00
310,W,0%,0 mm,15.4Km/h,Częściowe zachmurzenie,9.8Km/h,265°,(-0.4)°  C,10 Km,71%,24%,2020-01-05 22:00:00
311,W,0%,0 mm,14.9Km/h,Częściowe zachmurzenie,9.6Km/h,259°,(-0.5)°  C,10 Km,72%,22%,2020-01-05 23:00:00
312,NE,0%,0 mm,19.1Km/h,Pochmurno,11.9Km/h,50°,"2,3°  C",10 Km,93%,98%,2021-01-05 00:00:00
313,NE,0%,0 mm,20.3Km/h,Pochmurno,12.8Km/h,48°,"2,4°  C",10 Km,93%,99%,2021-01-05 01:00:00
314,NE,0%,"0,0 mm",21.5Km/h,Pochmurno,13.8Km/h,47°,"2,6°  C",10 Km,93%,99%,2021-01-05 02:00:00
315,NE,0%,"0,0 mm",22.7Km/h,Pochmurno,14.8Km/h,45°,"2,7°  C",10 Km,93%,100%,2021-01-05 03:00:00
316,NE,0%,"0,0 mm",24.7Km/h,Pochmurno,16.1Km/h,43°,"2,9°  C",8.2 Km,94%,100%,2021-01-05 04:00:00
317,NE,0%,"0,2 mm",26.8Km/h,Możliwe przelotne deszcze,17.4Km/h,42°,"3,1°  C",6.5 Km,94%,100%,2021-01-05 05:00:00
318,NE,0%,"0,2 mm",28.8Km/h,Możliwe przelotne deszcze,18.7Km/h,40°,"3,3°  C",4.7 Km,95%,100%,2021-01-05 06:00:00
319,NE,0%,"0,1 mm",30.4Km/h,Możliwe przelotne deszcze,19.8Km/h,41°,"3,6°  C",4.9 Km,95%,100%,2021-01-05 07:00:00
320,NE,0%,"0,7 mm",31.9Km/h,Lekka mżawka,20.9Km/h,41°,"3,9°  C",5.1 Km,95%,100%,2021-01-05 08:00:00
321,NE,0%,"0,9 mm",33.5Km/h,Lekka mżawka,22Km/h,42°,"4,2°  C",5.3 Km,95%,100%,2021-01-05 09:00:00
322,NE,0%,"0,4 mm",32.6Km/h,Lekka mżawka,21.4Km/h,49°,"4,5°  C",5.9 Km,95%,100%,2021-01-05 10:00:00
323,ENE,0%,"1,9 mm",31.8Km/h,Umiarkowane opady deszczu,20.8Km/h,57°,"4,7°  C",6.4 Km,95%,100%,2021-01-05 11:00:00
324,ENE,0%,"2,6 mm",31Km/h,Umiarkowane opady deszczu,20.2Km/h,64°,5°  C,7 Km,94%,100%,2021-01-05 12:00:00
325,ENE,0%,"1,3 mm",30.7Km/h,Umiarkowane opady deszczu,20.2Km/h,72°,5°  C,7.4 Km,93%,100%,2021-01-05 13:00:00
326,E,0%,"1,3 mm",30.5Km/h,Umiarkowane opady deszczu,20.2Km/h,80°,"5,1°  C",7.9 Km,92%,100%,2021-01-05 14:00:00
327,E,0%,"1,7 mm",30.2Km/h,Umiarkowane opady deszczu,20.2Km/h,88°,"5,1°  C",8.3 Km,91%,100%,2021-01-05 15:00:00
328,E,0%,"0,8 mm",30.6Km/h,Umiarkowane opady deszczu,20.5Km/h,90°,"4,9°  C",8.1 Km,90%,100%,2021-01-05 16:00:00
329,E,0%,1 mm,31Km/h,Lekki deszcz,20.9Km/h,93°,"4,8°  C",7.9 Km,89%,100%,2021-01-05 17:00:00
330,E,0%,"1,3 mm",31.3Km/h,Lekki deszcz,21.2Km/h,96°,"4,6°  C",7.7 Km,88%,100%,2021-01-05 18:00:00
331,E,0%,"0,7 mm",31.2Km/h,Lekki deszcz,21.1Km/h,100°,"3,4°  C",6.4 Km,88%,100%,2021-01-05 19:00:00
332,ESE,0%,"0,5 mm",31.1Km/h,Umiarkowane opady deszczu,21Km/h,103°,"2,3°  C",5 Km,88%,100%,2021-01-05 20:00:00
333,ESE,0%,"0,7 mm",31Km/h,Umiarkowane opady deszczu,20.9Km/h,106°,"1,1°  C",3.7 Km,88%,100%,2021-01-05 21:00:00
334,ESE,0%,"0,4 mm",29.2Km/h,Umiarkowane opady deszczu,19.7Km/h,105°,"1,5°  C",5.7 Km,89%,100%,2021-01-05 22:00:00
335,ESE,0%,"0,1 mm",27.4Km/h,Lekki deszcz,18.5Km/h,104°,"1,8°  C",7.7 Km,89%,100%,2021-01-05 23:00:00
336,WNW,0%,"0,4 mm",12.6Km/h,Lekki deszcz,8.3Km/h,296°,"5,4°  C",9 Km,99%,100%,2022-01-05 00:00:00
337,WNW,0%,"0,2 mm",15.4Km/h,Lekki deszcz,10.6Km/h,295°,"5,2°  C",9.3 Km,96%,100%,2022-01-05 01:00:00
338,WNW,0%,0 mm,18.1Km/h,Pochmurno,12.8Km/h,293°,"5,1°  C",9.7 Km,93%,100%,2022-01-05 02:00:00
339,WNW,0%,0 mm,20.9Km/h,Pochmurno,15.1Km/h,292°,"4,9°  C",10 Km,91%,100%,2022-01-05 03:00:00
340,WNW,0%,0 mm,21.2Km/h,Pochmurno,15.4Km/h,285°,5°  C,10 Km,89%,100%,2022-01-05 04:00:00
341,W,0%,"0,0 mm",21.6Km/h,Możliwe przelotne deszcze,15.6Km/h,278°,"5,1°  C",10 Km,88%,100%,2022-01-05 05:00:00
342,W,0%,"0,0 mm",22Km/h,Możliwe przelotne deszcze,15.8Km/h,271°,"5,2°  C",10 Km,87%,100%,2022-01-05 06:00:00
343,W,0%,"0,0 mm",21.1Km/h,Możliwe przelotne deszcze,15.4Km/h,272°,"4,9°  C",10 Km,83%,89%,2022-01-05 07:00:00
344,W,0%,0 mm,20.3Km/h,Zachmurzenie,14.9Km/h,274°,"4,7°  C",10 Km,80%,78%,2022-01-05 08:00:00
345,W,0%,0 mm,19.4Km/h,Zachmurzenie,14.4Km/h,275°,"4,4°  C",10 Km,76%,66%,2022-01-05 09:00:00
346,W,0%,0 mm,19.8Km/h,Zachmurzenie,15.4Km/h,270°,"4,5°  C",10 Km,75%,59%,2022-01-05 10:00:00
347,W,0%,0 mm,20.2Km/h,Częściowe zachmurzenie,16.3Km/h,266°,"4,6°  C",10 Km,74%,52%,2022-01-05 11:00:00
348,W,0%,0 mm,20.5Km/h,Częściowe zachmurzenie,17.3Km/h,261°,"4,7°  C",10 Km,73%,45%,2022-01-05 12:00:00
349,WSW,0%,0 mm,20.6Km/h,Częściowe zachmurzenie,17Km/h,257°,"4,6°  C",10 Km,71%,45%,2022-01-05 13:00:00
350,WSW,0%,0 mm,20.8Km/h,Częściowe zachmurzenie,16.8Km/h,253°,"4,4°  C",10 Km,69%,44%,2022-01-05 14:00:00
351,WSW,0%,0 mm,20.9Km/h,Częściowe zachmurzenie,16.6Km/h,248°,"4,3°  C",10 Km,68%,43%,2022-01-05 15:00:00
352,WSW,0%,0 mm,21.4Km/h,Częściowe zachmurzenie,17.2Km/h,247°,"4,2°  C",10 Km,69%,37%,2022-01-05 16:00:00
353,WSW,0%,0 mm,21.8Km/h,Bezchmurnie,17.8Km/h,246°,4°  C,10 Km,69%,30%,2022-01-05 17:00:00
354,WSW,0%,0 mm,22.3Km/h,Bezchmurnie,18.4Km/h,245°,"3,9°  C",10 Km,70%,24%,2022-01-05 18:00:00
355,WSW,0%,0 mm,25.4Km/h,Bezchmurnie,19.7Km/h,248°,"3,5°  C",10 Km,70%,48%,2022-01-05 19:00:00
356,WSW,0%,0 mm,28.6Km/h,Pochmurno,21Km/h,252°,"3,2°  C",10 Km,71%,73%,2022-01-05 20:00:00
357,WSW,0%,0 mm,31.7Km/h,Pochmurno,22.3Km/h,255°,"2,8°  C",10 Km,71%,98%,2022-01-05 21:00:00
358,WSW,0%,0 mm,34.2Km/h,Pochmurno,23.9Km/h,251°,"2,6°  C",10 Km,73%,99%,2022-01-05 22:00:00
359,WSW,0%,0 mm,36.7Km/h,Pochmurno,25.4Km/h,247°,"2,4°  C",10 Km,74%,99%,2022-01-05 23:00:00
